NAME_0,NAME_1,NAME_2,GID_2,001MOD13A2,017MOD13A2,033MOD13A2,049MOD13A2,065MOD13A2,081MOD13A2,097MOD13A2,113MOD13A2,129MOD13A2,145MOD13A2,161MOD13A2,177MOD13A2,193MOD13A2,209MOD13A2,225MOD13A2,241MOD13A2,257MOD13A2,273MOD13A2,289MOD13A2,305MOD13A2,321MOD13A2,337MOD13A2,353MOD13A2
Malawi,Balaka,Balaka Town,MWI.1.1_1,0.6226,0.69375,0.61924,0.64128,0.65906,0.59787,0.61655,0.58918,0.50948,0.44843,0.45193,0.40693,0.38951,0.35817,0.32489,0.3117,0.30777,0.29799,0.28673,0.27427,0.29948,0.30382,0.34977
Malawi,Balaka,TA Kalembo,MWI.1.2_1,0.689231587,0.757438521,0.730022342,0.640338829,0.65058829,0.689605085,0.695624653,0.681114638,0.598106471,0.527159784,0.510873498,0.46097057,0.432720031,0.3948453,0.357924191,0.33801772,0.316774114,0.2981849,0.285294761,0.285331433,0.292084746,0.297742835,0.327537904
Malawi,Balaka,TA Nsamala,MWI.1.3_1,0.709774958,0.773031032,0.752749584,0.710926456,0.731528952,0.716750416,0.712720549,0.695845507,0.609994509,0.531437854,0.511338353,0.457095591,0.429249168,0.390509235,0.352895008,0.331331614,0.309932529,0.293130782,0.281325624,0.283078286,0.289623378,0.299923295,0.356468802
Malawi,Blantyre,Blantyre City,MWI.2.1_1,0.647054545,0.616698565,0.626103828,0.504903349,0.644448804,0.603964593,0.600154545,0.593355024,0.560819139,0.503961244,0.520609569,0.449170335,0.451713876,0.408566986,0.372010048,0.359952153,0.347944019,0.336733493,0.335074163,0.334344976,0.368155024,0.359349761,0.444098565
Malawi,Blantyre,TA Chigaru,MWI.2.2_1,0.659836937,0.780719369,0.741518018,0.71736036,0.713440991,0.700909009,0.700062613,0.673004505,0.590461261,0.508370721,0.472141892,0.41264955,0.388542342,0.354685586,0.325488739,0.310225225,0.293810811,0.283771622,0.275310811,0.275363063,0.315931081,0.31280045,0.335628829
Malawi,Blantyre,TA Kapeni,MWI.2.3_1,0.609928421,0.736604211,0.727214737,0.639395263,0.686374737,0.653505263,0.635662105,0.599784211,0.533101053,0.467064211,0.455138947,0.395080526,0.383411053,0.345167895,0.322713684,0.306837368,0.295287368,0.284522105,0.270918421,0.269067895,0.300076316,0.315606316,0.362903684
Malawi,Blantyre,TA Kuntaja,MWI.2.4_1,0.688027946,0.748346465,0.724196296,0.61330303,0.721127946,0.697635017,0.690541077,0.659856229,0.605343098,0.529460269,0.504116498,0.43793367,0.421754882,0.385732997,0.350239731,0.334121549,0.314411448,0.29923266,0.292767677,0.298920875,0.366078788,0.410241077,0.484550168
Malawi,Blantyre,TA Kunthembwe,MWI.2.5_1,0.689118953,0.743018454,0.740312718,0.671837157,0.720742893,0.675287282,0.681667332,0.633212718,0.574816459,0.497310224,0.464821197,0.398832419,0.381162594,0.347281546,0.310998504,0.291731671,0.274062344,0.266304738,0.264305237,0.276769825,0.35464389,0.430465087,0.47376783
Malawi,Blantyre,TA Lundu,MWI.2.6_1,0.669540171,0.780620513,0.729450427,0.677563248,0.704187179,0.679026496,0.67208547,0.647141026,0.6012,0.528446154,0.502320513,0.43768547,0.410003419,0.37281453,0.340387179,0.319419658,0.300484615,0.286777778,0.271207692,0.279539316,0.307,0.326603419,0.370978632
Malawi,Blantyre,TA Machinjili,MWI.2.7_1,0.652193333,0.765515,0.791423333,0.53164,0.74645,0.659331667,0.618956667,0.607845,0.571535,0.512416667,0.512568333,0.44368,0.423003333,0.3813,0.345611667,0.33325,0.322563333,0.310151667,0.300138333,0.308155,0.337383333,0.344195,0.40595
Malawi,Blantyre,TA Makata,MWI.2.8_1,0.645764,0.788384,0.765362,0.649474,0.681714,0.702018,0.68901,0.663884,0.588916,0.53377,0.517684,0.450758,0.42433,0.39008,0.35583,0.33925,0.316542,0.300582,0.282176,0.294968,0.317044,0.322038,0.371796
Malawi,Blantyre,TA Somba,MWI.2.9_1,0.727811161,0.794873661,0.783154911,0.702728571,0.753183036,0.729303571,0.702699107,0.724717857,0.705759821,0.632355804,0.615665179,0.541251339,0.522911607,0.482162946,0.426983036,0.413439732,0.375922321,0.351807589,0.325536607,0.332520089,0.413979911,0.438579464,0.504451339
Malawi,Chikwawa,Chikwawa Boma,MWI.3.1_1,0.5542,0.630333333,0.69355,0.64665,0.643,0.585616667,0.646116667,0.591433333,0.506283333,0.495416667,0.467,0.451333333,0.435566667,0.40415,0.365016667,0.3589,0.359283333,0.319183333,0.328366667,0.314166667,0.361516667,0.3645,0.400783333
Malawi,Chikwawa,Lengwe National Park,MWI.3.2_1,0.722995879,0.798981212,0.774056606,0.745921697,0.785240606,0.755851879,0.694604848,0.726633333,0.640305455,0.579035394,0.535037212,0.483414667,0.451141818,0.433566061,0.389370424,0.349955152,0.324690788,0.29701903,0.291431758,0.307118909,0.385846424,0.465675515,0.532584121
Malawi,Chikwawa,Majete Game Reserve - Chikwawa,MWI.3.3_1,0.721811925,0.811435264,0.808383135,0.754478876,0.798832709,0.761958433,0.757747871,0.759958262,0.705135945,0.647543782,0.608270187,0.550522998,0.519950085,0.488393356,0.436220102,0.399660988,0.353908518,0.326115332,0.307526917,0.320546848,0.397206133,0.454951618,0.471790971
Malawi,Chikwawa,Ngabu Urban,MWI.3.4_1,0.3821,0.625733333,0.584783333,0.532283333,0.590333333,0.571916667,0.597416667,0.533133333,0.4727,0.405716667,0.388866667,0.3602,0.351883333,0.3221,0.299316667,0.278716667,0.273883333,0.260166667,0.244766667,0.257716667,0.275783333,0.2895,0.3056
Malawi,Chikwawa,TA Chapananga,MWI.3.5_1,0.569048584,0.724019122,0.693819405,0.704840935,0.720203399,0.685944051,0.679334419,0.680813881,0.619012323,0.567241785,0.546992635,0.500290793,0.484480312,0.458827054,0.424177904,0.394643059,0.351748584,0.314482578,0.29090864,0.28622153,0.332920822,0.384023371,0.436935694
Malawi,Chikwawa,TA Kasisi,MWI.3.6_1,0.63418323,0.773741304,0.76376118,0.715997516,0.731484161,0.687034472,0.696278261,0.67798913,0.621380745,0.557546584,0.514786335,0.458429503,0.426307453,0.399776087,0.35227236,0.342730435,0.302086957,0.279686335,0.270803106,0.275130435,0.34334441,0.374151242,0.397509317
Malawi,Chikwawa,TA Katunga,MWI.3.7_1,0.577135172,0.700225517,0.665703448,0.63771931,0.665491724,0.629515862,0.634955172,0.592673793,0.547591724,0.490622069,0.454635172,0.427375172,0.402775172,0.379651034,0.347586207,0.34771931,0.32331931,0.305655862,0.313542759,0.318367586,0.376324138,0.345306207,0.366515172
Malawi,Chikwawa,TA Lundu,MWI.3.8_1,0.597439548,0.75019661,0.712916949,0.716524294,0.723952542,0.690868927,0.681434463,0.657525989,0.61249548,0.585957627,0.572572881,0.554483616,0.555617514,0.523679661,0.484032203,0.494722599,0.497014124,0.471528814,0.457531638,0.472083051,0.536119774,0.520923729,0.584143503
Malawi,Chikwawa,TA Makhwira,MWI.3.9_1,0.621790123,0.743633333,0.749264198,0.727302963,0.720897037,0.687740741,0.679757531,0.682969877,0.659188395,0.629417531,0.625052346,0.616894568,0.617034074,0.60761037,0.558013827,0.540525679,0.524980988,0.50864321,0.467043704,0.467160247,0.499369877,0.471810123,0.480740741
Malawi,Chikwawa,TA Maseya,MWI.3.10_1,0.557404918,0.689089344,0.676067213,0.666641803,0.686251639,0.647052459,0.66972377,0.63427623,0.59645,0.55822541,0.532436066,0.497765574,0.469752459,0.438563115,0.397530328,0.425140164,0.378986066,0.350839344,0.348137705,0.355137705,0.443202459,0.439589344,0.437813934
Malawi,Chikwawa,TA Ngabu,MWI.3.11_1,0.45348117,0.647876809,0.650316702,0.62730734,0.700422234,0.661218085,0.639997766,0.623775745,0.53892883,0.481768085,0.453334574,0.412930532,0.392820638,0.36971734,0.340954574,0.3176,0.305151383,0.282333404,0.265437021,0.266826809,0.285181064,0.294452447,0.32191883
Malawi,Chiradzulu,Chiradzulu Boma,MWI.4.1_1,0.7997,0.7543,0.783966667,0.251166667,0.527366667,0.738833333,0.752333333,0.726166667,0.6864,0.623733333,0.640866667,0.528566667,0.5538,0.494533333,0.438566667,0.4241,0.403266667,0.389466667,0.3586,0.329666667,0.378066667,0.4324,0.559933333
Malawi,Chiradzulu,TA Chitera,MWI.4.2_1,0.688071429,0.812171429,0.808991071,0.578801786,0.700510714,0.713260714,0.685869643,0.666948214,0.603771429,0.537873214,0.525633929,0.460308929,0.4390625,0.405985714,0.373001786,0.36295,0.3402,0.329625,0.310867857,0.312275,0.326214286,0.326983929,0.365553571
Malawi,Chiradzulu,TA Kadewere,MWI.4.3_1,0.638973626,0.732261538,0.777693407,0.571493956,0.667496703,0.709308242,0.685775275,0.676720879,0.623951099,0.543597253,0.533699451,0.447844505,0.435775275,0.379304396,0.346858242,0.337876923,0.318407692,0.303157143,0.285925824,0.282867582,0.319910989,0.334172527,0.40841044
Malawi,Chiradzulu,TA Likoswe,MWI.4.4_1,0.700767347,0.625826531,0.779631633,0.60155,0.705416327,0.702928571,0.674644898,0.704687755,0.664779592,0.604577551,0.63394898,0.529743878,0.518166327,0.451495918,0.399940816,0.382522449,0.357785714,0.334434694,0.315613265,0.302718367,0.352264286,0.348523469,0.463063265
Malawi,Chiradzulu,TA Mpama,MWI.4.5_1,0.690440625,0.749095313,0.807525,0.56416875,0.72253125,0.7135375,0.657089063,0.663178125,0.614619531,0.552184375,0.552045313,0.470441406,0.460309375,0.415834375,0.381888281,0.370303125,0.349504688,0.335319531,0.309891406,0.304903125,0.342082813,0.344926563,0.40578125
Malawi,Chiradzulu,TA Nchema,MWI.4.6_1,0.606216049,0.746654321,0.768141975,0.710632099,0.594032099,0.720037037,0.700828395,0.678422222,0.626175309,0.546906173,0.530555556,0.452165432,0.436603704,0.384720988,0.350985185,0.343304938,0.32758642,0.311130864,0.294883951,0.289330864,0.30687037,0.311637037,0.377555556
Malawi,Chiradzulu,TA Nkalo,MWI.4.7_1,0.628860833,0.7635875,0.778049167,0.648805833,0.712205833,0.707459167,0.692364167,0.706104167,0.650815,0.578709167,0.5746925,0.469401667,0.443678333,0.3925975,0.360705,0.358749167,0.336226667,0.314385,0.296616667,0.3093125,0.3335875,0.315736667,0.350924167
Malawi,Chitipa,Chitipa Boma,MWI.5.1_1,0.495875,0.566825,0.5951125,0.6406,0.6198875,0.589925,0.541225,0.5006875,0.4167125,0.37375,0.3699875,0.3277375,0.2974125,0.2914125,0.274,0.2762125,0.2507375,0.249,0.2282,0.2475,0.2553125,0.2707,0.2760375
Malawi,Chitipa,Nyika N.P. - Chitipa,MWI.5.2_1,0.616999825,0.659985515,0.774163002,0.761494241,0.774910646,0.727109948,0.478691449,0.757530017,0.732243979,0.673651658,0.620022164,0.569725131,0.546266492,0.524002967,0.477161257,0.445976789,0.439015707,0.433470681,0.416065096,0.456211867,0.495545899,0.527171902,0.557572077
Malawi,Chitipa,TA Kameme,MWI.5.3_1,0.661640997,0.635695291,0.67840554,0.64805651,0.721368698,0.694971191,0.497976731,0.665510803,0.618793352,0.569103601,0.550123823,0.496724654,0.469172299,0.461872853,0.413885596,0.390095014,0.358612465,0.352264266,0.3535759,0.382280886,0.421722161,0.444508864,0.457820222
Malawi,Chitipa,TA Mwabulambya,MWI.5.4_1,0.638222761,0.643926368,0.675031592,0.712845771,0.723833458,0.66601791,0.540731716,0.653750373,0.619383209,0.577451866,0.540692786,0.488030597,0.471346642,0.452763184,0.407191294,0.39155908,0.364857836,0.344623259,0.324206095,0.348775622,0.36749204,0.404820274,0.416122264
Malawi,Chitipa,TA Mwenemisuku,MWI.5.5_1,0.729691075,0.73798725,0.704629872,0.65017122,0.762114572,0.547889253,0.278641166,0.555933698,0.645681421,0.566941166,0.546434791,0.610543534,0.53836776,0.543455191,0.574634244,0.567168852,0.528310565,0.494468852,0.455097996,0.429401093,0.463127869,0.551281056,0.588681785
Malawi,Chitipa,TA Mwenewenya,MWI.5.6_1,0.705645886,0.622838133,0.695434019,0.751188924,0.758931171,0.565781171,0.480830222,0.699694304,0.689128481,0.678616456,0.630413449,0.586645253,0.55774557,0.553126266,0.52053038,0.487057595,0.469975316,0.454806962,0.435796044,0.458462975,0.479483544,0.514204747,0.527176424
Malawi,Chitipa,TA Nthalire,MWI.5.7_1,0.677272296,0.717910436,0.721935674,0.732317457,0.753993928,0.662216129,0.629154269,0.677717457,0.654955787,0.616044972,0.575605313,0.527819734,0.495560911,0.482625806,0.441685009,0.398154459,0.379398672,0.36676148,0.341295825,0.364637002,0.37616167,0.399802277,0.411244023
Malawi,Dedza,Dedza Boma,MWI.6.1_1,0.442529412,0.605041176,0.600735294,0.513141176,0.579652941,0.690376471,0.668464706,0.566070588,0.528305882,0.450170588,0.416964706,0.379576471,0.360582353,0.334847059,0.313852941,0.310594118,0.303652941,0.290947059,0.292347059,0.289747059,0.252011765,0.265211765,0.307864706
Malawi,Dedza,Lake Malawi,MWI.6.2_1,0.026539382,0.033415939,0.028850287,0.036338964,0.028998989,0.113847648,0.22991131,0.14044577,0.306607623,0.152773058,0.262568561,0.220645098,0.183803807,0.245096465,0.096959574,0.111947359,0.173306705,0.152927873,0.01837066,0.081603704,0.082529352,0.08785614,0.12490793
Malawi,Dedza,SC Chauma,MWI.6.3_1,0.380823729,0.584862712,0.622171186,0.743777966,0.64280678,0.728389831,0.663223729,0.602740678,0.512983051,0.428922034,0.389330508,0.360688136,0.336428814,0.316318644,0.300257627,0.295908475,0.284311864,0.276479661,0.281647458,0.281218644,0.27129661,0.2748,0.264467797
Malawi,Dedza,SC Chilikumwendo,MWI.6.4_1,0.550874634,0.66642439,0.776350244,0.590736585,0.600112683,0.688150244,0.657974634,0.646416585,0.555833171,0.47720878,0.42926439,0.391838537,0.357030244,0.335943415,0.316773659,0.304868293,0.292258537,0.281639512,0.27509122,0.275597561,0.258906341,0.295581951,0.321952683
Malawi,Dedza,SC Kamenya Gwaza,MWI.6.5_1,0.435701176,0.612691176,0.728281765,0.496991765,0.543941765,0.558972941,0.716571765,0.671255882,0.618691176,0.543110588,0.505016471,0.45897,0.418288235,0.385378824,0.356595294,0.345884118,0.332874118,0.319605882,0.318724118,0.299217647,0.306714118,0.322167059,0.338218824
Malawi,Dedza,TA Kachindamoto,MWI.6.6_1,0.584097837,0.735816972,0.741165058,0.644394176,0.676854742,0.673236938,0.676099334,0.636573877,0.566857238,0.495767388,0.46814376,0.425946589,0.390179534,0.359956739,0.332246256,0.318438436,0.310562729,0.300369884,0.297448253,0.284357072,0.280689684,0.278986023,0.288505657
Malawi,Dedza,TA Kaphuka,MWI.6.7_1,0.527008037,0.61852486,0.70826243,0.651927664,0.666395888,0.739540748,0.69833757,0.639177383,0.584287477,0.49794785,0.455850093,0.419975888,0.388254206,0.363733458,0.340019813,0.330705234,0.313845421,0.304941869,0.311948598,0.330628785,0.296839252,0.317564112,0.331218879
Malawi,Dedza,TA Kasumbu,MWI.6.8_1,0.463345253,0.621950101,0.69761899,0.546150101,0.63115899,0.737118182,0.724484848,0.649359192,0.611925455,0.537548283,0.494285455,0.456365455,0.414109293,0.387111313,0.358603838,0.349298182,0.33244404,0.31621596,0.308925253,0.300414343,0.309150909,0.335150707,0.356305455
Malawi,Dedza,TA Pemba,MWI.6.9_1,0.597335269,0.64727881,0.716079245,0.579782003,0.576246589,0.697020464,0.669795356,0.655040058,0.5882791,0.518444122,0.472791872,0.432764296,0.39437852,0.370392017,0.345314078,0.333408128,0.321230624,0.318848331,0.323743541,0.344445138,0.325511901,0.367106531,0.427764006
Malawi,Dedza,TA Tambala,MWI.6.10_1,0.487802404,0.692563942,0.750861779,0.641580529,0.709704567,0.765626923,0.71413101,0.645594712,0.595273798,0.513518029,0.468399279,0.425929808,0.386125,0.355111538,0.328482212,0.314676202,0.299577404,0.287656971,0.285117308,0.287637981,0.299145673,0.332061058,0.330559615
Malawi,Dowa,Dowa Boma,MWI.7.1_1,0.65074,0.49522,0.59452,0.62016,0.4867,0.78966,0.68464,0.65588,0.59726,0.51898,0.46232,0.42482,0.39288,0.36104,0.33624,0.34708,0.33094,0.3213,0.31522,0.2931,0.35196,0.34288,0.33176
Malawi,Dowa,Mponela Urban,MWI.7.2_1,0.2127625,0.1348625,0.5481,0.60605,0.6960125,0.6256,0.5449375,0.4793875,0.40005,0.34495,0.3260625,0.2955375,0.2804875,0.26115,0.24605,0.2351125,0.2268875,0.22935,0.2366,0.2463625,0.223025,0.2309625,0.248775
Malawi,Dowa,SC Chakhaza,MWI.7.3_1,0.490845827,0.602256378,0.630310709,0.659212126,0.689998583,0.687145197,0.621468976,0.576879843,0.527283465,0.444091496,0.411331181,0.376428504,0.347985512,0.320345039,0.297912598,0.282612441,0.266747874,0.258780787,0.259088189,0.251977008,0.252756535,0.253787087,0.263189921
Malawi,Dowa,SC Kayembe,MWI.7.4_1,0.50984752,0.61087624,0.653046475,0.609641253,0.641390601,0.672233943,0.618776762,0.576559269,0.503659269,0.434558225,0.405008355,0.372793473,0.343768668,0.319748564,0.296158225,0.287736292,0.271074151,0.263295039,0.269689556,0.270590078,0.260536031,0.252036292,0.266793211
Malawi,Dowa,SC Mkukula,MWI.7.5_1,0.503483082,0.588170393,0.610893353,0.716825982,0.66901571,0.740604834,0.678951964,0.646904532,0.584993051,0.504786707,0.459255891,0.420334139,0.389964955,0.354501208,0.327152266,0.314123565,0.292813595,0.280473112,0.281243202,0.28963716,0.280520242,0.286422961,0.298318127
Malawi,Dowa,SC Mponela,MWI.7.6_1,0.325574648,0.453288732,0.599223239,0.697808451,0.631514789,0.706177465,0.637200704,0.579758451,0.526579577,0.441819718,0.405488732,0.372939437,0.34770493,0.31851338,0.301757042,0.283448592,0.269161268,0.260347183,0.260735211,0.268277465,0.256459155,0.256678873,0.270394366
Malawi,Dowa,TA Chiwere,MWI.7.7_1,0.447380942,0.567971973,0.627835202,0.739048655,0.615583632,0.742745516,0.705350448,0.650046413,0.595672422,0.503782735,0.463643498,0.429019507,0.396569731,0.358641256,0.333135874,0.319140359,0.298542377,0.280820404,0.273274215,0.277763004,0.274834978,0.285524888,0.293678027
Malawi,Dowa,TA Dzoole,MWI.7.8_1,0.343824839,0.477976774,0.618332258,0.641013548,0.667131613,0.700191613,0.640654516,0.567397742,0.512825161,0.431589677,0.394130323,0.363282258,0.339455484,0.31199,0.292881935,0.274049677,0.261524194,0.249394194,0.247053548,0.252341613,0.244282581,0.245082903,0.269023226
Malawi,Dowa,TA Msakambewa,MWI.7.9_1,0.470815969,0.57136911,0.591624607,0.706890052,0.58350445,0.696613089,0.697270157,0.658619895,0.590324869,0.494530628,0.447746335,0.412028534,0.382728796,0.346998691,0.319349738,0.312893979,0.291841623,0.280279319,0.284484817,0.299615969,0.291194503,0.30463822,0.311529058
Malawi,Karonga,Karonga Town,MWI.8.1_1,0.539225,0.513625,0.545395,0.624435,0.681545,0.65409,0.6599375,0.62895,0.566895,0.50795,0.4523475,0.424535,0.3940725,0.4087675,0.3594,0.3536075,0.3545475,0.3439925,0.3076275,0.304915,0.30941,0.351475,0.367345
Malawi,Karonga,Lake Malawi,MWI.8.2_1,0.086121492,0.089067909,0.051449375,0.096717126,0.194033422,0.185068809,0.101348164,0.178057862,0.289615242,0.289778187,0.254834359,0.252702703,0.168516378,0.135779741,0.20120095,0.207623104,0.137541721,0.05917941,0.11478861,0.085756672,0.12970318,0.191040878,0.216435265
Malawi,Karonga,Nyipa N. P. - Karonga,MWI.8.3_1,0.571440022,0.730608361,0.642686288,0.683727871,0.780801338,0.666383055,0.469563434,0.719453958,0.731916276,0.751224303,0.71927447,0.707675362,0.589581271,0.650586065,0.588372798,0.521441583,0.51822709,0.491728651,0.464376254,0.465884838,0.494620178,0.524339465,0.588434002
Malawi,Karonga,SC Mwakaboko,MWI.8.4_1,0.677031193,0.700076147,0.625080275,0.735226147,0.744346789,0.682413303,0.595128899,0.750151835,0.722554587,0.681666055,0.664272936,0.678150459,0.662861927,0.606917431,0.625388073,0.592892202,0.574072018,0.530211468,0.462611468,0.426255505,0.446053211,0.541959633,0.611017431
Malawi,Karonga,SC Mwirang'ombe,MWI.8.5_1,0.587306081,0.609016216,0.610464865,0.694061486,0.728347973,0.730988514,0.675352027,0.696698649,0.641943919,0.59227973,0.549344595,0.494138514,0.482014865,0.429838514,0.387027027,0.354741216,0.340152027,0.336124324,0.302081081,0.285418243,0.293277703,0.316125,0.387043243
Malawi,Karonga,TA Kilupula,MWI.8.6_1,0.588753285,0.618671898,0.590021533,0.660495985,0.655981022,0.651906569,0.665561314,0.741690511,0.70574854,0.653064599,0.576845255,0.549459124,0.526466788,0.500414599,0.483627372,0.452870803,0.438168978,0.408603285,0.361690511,0.346319708,0.357516058,0.432927737,0.5116
Malawi,Karonga,TA Kyungu,MWI.8.7_1,0.706658856,0.730388558,0.652879232,0.767067555,0.760890204,0.688990282,0.642851489,0.73241105,0.709469122,0.682572414,0.630769671,0.585838088,0.53482069,0.536121473,0.45617406,0.427823041,0.401901019,0.382844279,0.347681505,0.345512931,0.35884326,0.418547414,0.491704624
Malawi,Karonga,TA Wasambo,MWI.8.8_1,0.619238667,0.664009667,0.656404667,0.663169,0.699080333,0.716737,0.669506667,0.700897667,0.670940333,0.630276,0.596871,0.560977333,0.539169,0.492221333,0.453346,0.421774,0.400601333,0.393382667,0.348455667,0.327058667,0.339759667,0.386249333,0.446222667
Malawi,Kasungu,Kasungu Boma,MWI.9.1_1,0.44916875,0.653459375,0.637553125,0.4901125,0.59881875,0.691475,0.603965625,0.562609375,0.514684375,0.4254125,0.38688125,0.348490625,0.3274625,0.299953125,0.288346875,0.291028125,0.265809375,0.26601875,0.266821875,0.252209375,0.25761875,0.259715625,0.270646875
Malawi,Kasungu,Kasungu National Park,MWI.9.2_1,0.661013924,0.684832717,0.70170297,0.633502288,0.629916602,0.694249854,0.738413048,0.728229552,0.718429065,0.663659153,0.642131597,0.60726446,0.575201168,0.563404041,0.500749708,0.460609104,0.429112853,0.402438413,0.43279557,0.468902142,0.498916845,0.517927264,0.579305501
Malawi,Kasungu,SC Chilowamatambe,MWI.9.3_1,0.507690511,0.649265328,0.671510219,0.429540876,0.540056569,0.671599635,0.598543796,0.545322263,0.503457299,0.424518248,0.392662774,0.358264234,0.334310219,0.308120073,0.290642336,0.279682482,0.262422628,0.254770438,0.254713869,0.254069343,0.243394526,0.246381022,0.26330292
Malawi,Kasungu,SC Chisikwa,MWI.9.4_1,0.461588889,0.59825,0.577625,0.592586111,0.713927778,0.677786111,0.618794444,0.584680556,0.489386111,0.436413889,0.413913889,0.379194444,0.362169444,0.350030556,0.322016667,0.309808333,0.287813889,0.289447222,0.287841667,0.286425,0.291463889,0.320458333,0.310108333
Malawi,Kasungu,SC Kawamba,MWI.9.5_1,0.574644542,0.61037412,0.610842606,0.626576937,0.46930757,0.643865317,0.613573239,0.592591021,0.555658803,0.49690669,0.469148063,0.437632746,0.40971919,0.385607746,0.354705282,0.338504049,0.312124648,0.30297007,0.322679754,0.32761743,0.327190317,0.320675176,0.358165845
Malawi,Kasungu,SC Lukwa,MWI.9.6_1,0.494495763,0.664366949,0.677182627,0.555652119,0.536543644,0.609391949,0.619699153,0.569339407,0.538704661,0.462372034,0.428860593,0.393594915,0.366252966,0.332736017,0.310674153,0.304518644,0.27881822,0.269938559,0.274097458,0.259290254,0.257685593,0.257633051,0.277976271
Malawi,Kasungu,SC M'nyanja,MWI.9.7_1,0.474791429,0.635743265,0.637724082,0.554673878,0.667277959,0.559682041,0.579479184,0.55997102,0.501248163,0.426473878,0.398932653,0.367377959,0.347981633,0.320446122,0.298403265,0.286340816,0.262564082,0.255926939,0.257342857,0.251220816,0.244389388,0.24614,0.246650612
Malawi,Kasungu,SC Njombwa,MWI.9.8_1,0.525573214,0.629741071,0.661916518,0.733187054,0.57894375,0.641194196,0.5946875,0.578735268,0.514595536,0.436881696,0.407375893,0.37466875,0.353215625,0.322739732,0.302674107,0.290998661,0.269885268,0.260440625,0.263693304,0.247040625,0.244869643,0.245664286,0.254174107
Malawi,Kasungu,SC Simlemba,MWI.9.9_1,0.580497378,0.623641573,0.653116105,0.479873034,0.705271161,0.494733708,0.603126592,0.585658427,0.540337828,0.476663296,0.424370787,0.390305993,0.364346067,0.334572285,0.307574532,0.292534457,0.267869288,0.259716479,0.262741573,0.268826966,0.259104869,0.268079401,0.25892397
Malawi,Kasungu,TA Chulu,MWI.9.10_1,0.489400202,0.599765051,0.622444242,0.590701818,0.657724444,0.625480606,0.588482424,0.567630909,0.514598788,0.449281414,0.422331919,0.391353535,0.371416768,0.344834141,0.319202424,0.308487475,0.279492323,0.27139596,0.275848283,0.26785697,0.267355354,0.270931313,0.282561616
Malawi,Kasungu,TA Kaluluma,MWI.9.11_1,0.436162712,0.597438983,0.616140678,0.637145763,0.657043503,0.583176271,0.578385876,0.574190678,0.510379661,0.458573164,0.435315819,0.411473164,0.393857627,0.376446045,0.352679944,0.343971186,0.315852825,0.309583616,0.319041525,0.309154237,0.315937853,0.327179096,0.32694322
Malawi,Kasungu,TA Kaomba,MWI.9.12_1,0.505296694,0.663488017,0.690425207,0.534513223,0.605639256,0.692429339,0.627579339,0.597119008,0.530623554,0.448417355,0.410842562,0.374589256,0.345644215,0.314222727,0.295865702,0.291546694,0.268003719,0.260416942,0.257121901,0.245031405,0.244946694,0.245227686,0.254913223
Malawi,Kasungu,TA Kapelula,MWI.9.13_1,0.549350526,0.500744561,0.685852632,0.281324912,0.600035088,0.652202456,0.662298947,0.646232632,0.629421053,0.557661754,0.488775789,0.457481404,0.426944211,0.398057544,0.374066667,0.362578596,0.324210175,0.300057895,0.294406667,0.28940807,0.301559649,0.319661754,0.348363158
Malawi,Kasungu,TA Mwase,MWI.9.14_1,0.488134756,0.658236585,0.680818293,0.49494878,0.708939634,0.710172561,0.649712195,0.603641463,0.552942073,0.454737195,0.4146,0.375723171,0.346959146,0.311906707,0.29467439,0.291559146,0.267182927,0.257932317,0.256612805,0.242610366,0.239481098,0.242098171,0.253664024
Malawi,Kasungu,TA Santhe,MWI.9.15_1,0.572097966,0.667111424,0.624411737,0.649765884,0.552911581,0.645799531,0.617146948,0.596164945,0.546992645,0.471171987,0.440168701,0.40394241,0.373540376,0.343570423,0.319776682,0.315150078,0.287080751,0.280971362,0.288236933,0.293955712,0.284927543,0.263980595,0.305007355
Malawi,Kasungu,TA Wimbe,MWI.9.16_1,0.569363602,0.633929246,0.69103742,0.478457727,0.596409962,0.661304087,0.641188889,0.601327075,0.54378378,0.480121201,0.427663346,0.390992209,0.363135249,0.331671648,0.309498723,0.294795913,0.27186258,0.262393103,0.25777152,0.25858825,0.257854534,0.262171392,0.268924393
Malawi,Likoma,Lake Malawi,MWI.10.1_1,0.49171875,0.49456875,0.50633125,0.34160625,0.650675,0.49915,0.71974375,0.5523875,0.52570625,0.4989875,0.46714375,0.446025,0.43955625,0.42838125,0.38929375,0.46155,0.4094,0.4875,0.4238125,0.3097875,0.31010625,0.3427375,0.38935
Malawi,Lilongwe,Lilongwe City,MWI.11.1_1,0.464254667,0.609046667,0.6577872,0.607881333,0.576682133,0.612832,0.569340267,0.538452533,0.4354224,0.397228,0.365188533,0.335244267,0.316140533,0.2964784,0.282624533,0.278043467,0.272030133,0.270109067,0.289218933,0.2839216,0.271132533,0.291957867,0.309377333
Malawi,Lilongwe,SC Chitekwele,MWI.11.2_1,0.570199063,0.71248625,0.775799063,0.713291563,0.741910313,0.776055625,0.722028125,0.673630313,0.592355313,0.524526563,0.474883125,0.429917188,0.386197188,0.350549063,0.321728125,0.30609625,0.290200625,0.277265313,0.272178438,0.271494688,0.289406563,0.304019688,0.326780313
Malawi,Lilongwe,SC Mtema,MWI.11.3_1,0.528660959,0.607374658,0.752036301,0.648676712,0.532068493,0.696815753,0.63254726,0.597063014,0.469571233,0.408705479,0.374284247,0.345171233,0.320019863,0.297634247,0.278885616,0.273210959,0.257760959,0.252626712,0.248378767,0.251370548,0.230969863,0.246760959,0.262869863
Malawi,Lilongwe,SC Njewa,MWI.11.4_1,0.642825,0.7046875,0.775744318,0.693898864,0.499411364,0.669827273,0.646357955,0.602627273,0.4915625,0.431636364,0.3963,0.360948864,0.345592045,0.323067045,0.303176136,0.295481818,0.282246591,0.282397727,0.281861364,0.272709091,0.276268182,0.2798625,0.283245455
Malawi,Lilongwe,SC Tsabango,MWI.11.5_1,0.478043103,0.691489655,0.702474138,0.75365,0.725675862,0.696644828,0.658606897,0.631994828,0.534005172,0.448908621,0.405358621,0.36617931,0.338275862,0.313025862,0.295884483,0.293072414,0.270805172,0.26122069,0.260805172,0.261331034,0.236489655,0.254384483,0.247874138
Malawi,Lilongwe,TA Chadza,MWI.11.6_1,0.583190402,0.709347059,0.734324458,0.734812384,0.605056966,0.705869659,0.666597214,0.651910526,0.564401548,0.472912074,0.429027554,0.393055418,0.362217337,0.339151393,0.321747059,0.312001548,0.295109598,0.288036533,0.280520124,0.278140248,0.263557276,0.269935913,0.279651393
Malawi,Lilongwe,TA Chimutu,MWI.11.7_1,0.500153561,0.637731339,0.647316809,0.753045584,0.738478348,0.738685185,0.667501994,0.632472934,0.496131339,0.452882051,0.411952991,0.377703989,0.350445584,0.32168604,0.298622507,0.287765527,0.269408262,0.256658689,0.24858433,0.242654701,0.238778348,0.239340456,0.251297721
Malawi,Lilongwe,TA Chiseka,MWI.11.8_1,0.59970044,0.695623094,0.742058944,0.680460484,0.60578915,0.702103079,0.686991789,0.662825953,0.580869501,0.52476063,0.487006965,0.45242368,0.417590323,0.399350147,0.375469648,0.355294575,0.342666202,0.336728959,0.342969501,0.366531965,0.367926979,0.387111657,0.44385088
Malawi,Lilongwe,TA Chitukula,MWI.11.9_1,0.380469,0.584236,0.724843,0.673207,0.566533,0.69384,0.617712,0.584949,0.473574,0.407282,0.373831,0.344446,0.323035,0.300827,0.282164,0.276764,0.260213,0.250847,0.245654,0.243428,0.222528,0.232776,0.250211
Malawi,Lilongwe,TA Kabudula,MWI.11.10_1,0.609342735,0.645258547,0.668659829,0.699809829,0.603863889,0.658,0.630042308,0.60444765,0.510115812,0.443307265,0.407145085,0.372563889,0.346974786,0.321151496,0.300813248,0.293734615,0.27496688,0.272291239,0.276971581,0.284502137,0.259231197,0.278931197,0.280808974
Malawi,Lilongwe,TA Kalolo,MWI.11.11_1,0.541507266,0.658342639,0.715539197,0.544571702,0.594610516,0.659188337,0.64161587,0.612018738,0.50790325,0.446268834,0.409737476,0.374481836,0.349345698,0.32776195,0.305857361,0.298752581,0.281993499,0.274018356,0.276327533,0.274241491,0.274602868,0.275260038,0.293646654
Malawi,Lilongwe,TA Kalumba,MWI.11.12_1,0.48672439,0.706643902,0.759139024,0.679197561,0.627829268,0.673380488,0.626163415,0.614387805,0.526431707,0.433482927,0.402882927,0.368853659,0.341631707,0.329068293,0.312626829,0.303146341,0.291234146,0.283865854,0.282573171,0.280856098,0.26084878,0.274270732,0.269207317
Malawi,Lilongwe,TA Kalumbu,MWI.11.13_1,0.549385714,0.693353143,0.712876571,0.666881714,0.664651429,0.722438857,0.681807429,0.67036,0.582559429,0.473076,0.424467429,0.384138857,0.353408,0.328870857,0.312469143,0.304917714,0.289146857,0.280220571,0.274470286,0.27634,0.260306857,0.264142857,0.269352
Malawi,Lilongwe,TA Khongoni,MWI.11.14_1,0.620886735,0.681493265,0.636046735,0.700512041,0.627053265,0.675241224,0.650777551,0.620096531,0.550369388,0.468119184,0.427405102,0.390944286,0.362124694,0.336223878,0.316200816,0.306397551,0.288864898,0.285345102,0.288872449,0.296525714,0.277322041,0.28181551,0.327037755
Malawi,Lilongwe,TA Malili,MWI.11.15_1,0.567515751,0.747868864,0.768782784,0.702983883,0.454974359,0.669861905,0.636698168,0.610238095,0.520537363,0.453293773,0.413205495,0.373942491,0.345994139,0.327695238,0.308727473,0.298358608,0.283066667,0.275048352,0.271748718,0.258912088,0.258559707,0.270722344,0.264735165
Malawi,Lilongwe,TA Mazengera,MWI.11.16_1,0.516993919,0.647706081,0.686883108,0.675539527,0.711025,0.724002027,0.664188851,0.637289189,0.554649324,0.464545608,0.421883108,0.385746959,0.357189865,0.332800338,0.307553716,0.300059797,0.284063176,0.274909797,0.268902027,0.264234459,0.258387838,0.271983446,0.280640541
Malawi,Machinga,Lake Chilwa,MWI.12.1_1,-0.016648571,-0.029636538,0.024067308,-0.055014286,-0.031554902,-0.027988462,0.0053,-0.033753846,-0.081782692,-0.027390385,-0.089475,-0.056631373,-0.034298039,-0.062353846,-0.074411538,-0.008169231,-0.062930769,-0.00412549,-0.014306383,-0.022901961,0.026998077,0.121151923,0.200284615
Malawi,Machinga,Lake Chiuta,MWI.12.2_1,0.504666667,0.521070833,0.472525,0.49018125,0.514022917,0.528610417,0.649183333,0.616708696,0.534685417,0.516175,0.508631915,0.488510638,0.472225532,0.4483375,0.391954167,0.42599375,0.384722917,0.356745833,0.407254167,0.395729787,0.378483333,0.406247917,0.42165625
Malawi,Machinga,Liwonda National Park,MWI.12.3_1,0.712131412,0.671085303,0.715485591,0.674563689,0.708664265,0.742155908,0.7069317,0.688397983,0.608269164,0.549629107,0.549757925,0.491895101,0.466223919,0.421946398,0.378562536,0.35054928,0.333358501,0.319531412,0.317013256,0.33225879,0.360551009,0.386358501,0.418880115
Malawi,Machinga,Liwonde Town,MWI.12.4_1,0.65683,0.716863333,0.632016667,0.634516667,0.66956,0.647153333,0.626926667,0.59251,0.513606667,0.447063333,0.42076,0.38802,0.378686667,0.346656667,0.323336667,0.313306667,0.298876667,0.28722,0.27812,0.277496667,0.283313333,0.288186667,0.294163333
Malawi,Machinga,SC Chamba,MWI.12.5_1,0.690559504,0.714706612,0.637200826,0.706375207,0.731315702,0.765856198,0.743773554,0.719228926,0.691039669,0.620147934,0.607075207,0.546047934,0.511494215,0.476019008,0.433472727,0.416219835,0.386558678,0.355661157,0.338783471,0.369365289,0.394771901,0.452112397,0.48555124
Malawi,Machinga,SC Chikweo,MWI.12.6_1,0.59023737,0.600380277,0.638629066,0.615251557,0.611434602,0.668350865,0.667380277,0.644651903,0.574715917,0.524216609,0.516044291,0.45246609,0.421258131,0.389016955,0.35947474,0.357118685,0.336587889,0.313157093,0.281775433,0.277510035,0.27743391,0.278839792,0.307743253
Malawi,Machinga,SC Chiwalo,MWI.12.7_1,0.651519355,0.639714516,0.593048387,0.717637097,0.679127419,0.728193548,0.7076,0.704206452,0.629801613,0.558403226,0.55128871,0.469830645,0.434214516,0.397425806,0.356622581,0.344667742,0.313764516,0.300753226,0.280458065,0.286580645,0.272229032,0.272179032,0.292645161
Malawi,Machinga,SC Mlomba,MWI.12.8_1,0.611524383,0.585797531,0.663071914,0.617328395,0.629292593,0.613525617,0.606105247,0.557435494,0.482086111,0.436712963,0.420522531,0.388094136,0.380647222,0.368462346,0.3489,0.354679938,0.339780864,0.308084259,0.30142284,0.293569444,0.314416667,0.333392284,0.311657716
Malawi,Machinga,SC Mposa,MWI.12.9_1,0.647334066,0.647065385,0.69801978,0.63958022,0.617525275,0.658363736,0.663292857,0.626337912,0.555981319,0.514058791,0.511331319,0.473678571,0.459780769,0.439752486,0.404693407,0.419044199,0.390918681,0.358825275,0.338301657,0.336018132,0.373917033,0.405555249,0.425161538
Malawi,Machinga,SC Ngokwe,MWI.12.10_1,0.586640299,0.675743284,0.689485821,0.556577612,0.583977612,0.69461194,0.683812687,0.647489552,0.605157463,0.531801493,0.511754478,0.455410448,0.424173881,0.395087313,0.357988806,0.349133582,0.328593284,0.301831343,0.27465597,0.270101493,0.263200746,0.252475373,0.269629851
Malawi,Machinga,SC Sitola,MWI.12.11_1,0.725150519,0.753734602,0.70526782,0.730790311,0.732511419,0.745303806,0.712915571,0.714106228,0.651959862,0.577687889,0.563580277,0.500649135,0.47413391,0.439621107,0.400618339,0.37963564,0.361561938,0.342789619,0.334301038,0.343743945,0.366251211,0.396178893,0.449321453
Malawi,Machinga,TA Kawinga,MWI.12.12_1,0.586819573,0.631643789,0.609199749,0.612927102,0.642619072,0.641064743,0.641744417,0.595819072,0.534458595,0.465597867,0.457077164,0.414940652,0.396021205,0.372877666,0.347907277,0.349526223,0.328593726,0.305234253,0.284844918,0.28962271,0.298497491,0.287420577,0.315537265
Malawi,Machinga,TA Liwonde,MWI.12.13_1,0.690533156,0.732414324,0.668642971,0.656851459,0.698410875,0.741765782,0.703509019,0.683170822,0.610021751,0.54556366,0.537186472,0.473648011,0.43937321,0.397722812,0.35845252,0.342301592,0.312708753,0.292872944,0.277576658,0.282976127,0.279695756,0.278645093,0.301379045
Malawi,Machinga,TA Nyambi,MWI.12.14_1,0.661504,0.612950333,0.636719333,0.557938667,0.596236333,0.730227333,0.720949,0.702272,0.632452667,0.566936667,0.561708667,0.487549,0.460037667,0.42181,0.377882333,0.355195667,0.329430333,0.308623333,0.290945667,0.302451,0.304888,0.302689333,0.333105667
Malawi,Mangochi,Lake Malawi,MWI.13.1_1,0.143771621,0.221686755,0.135479685,0.150948075,0.145085866,0.289554015,0.229219883,0.247743653,0.355215657,0.300576316,0.292937484,0.248960552,0.262667526,0.249034872,0.20921279,0.077091578,0.127023919,0.17412479,0.08984355,0.143740575,0.118442444,0.143071495,0.155630849
Malawi,Mangochi,Lake Malombe,MWI.13.2_1,0.187441221,0.136276375,0.118667419,0.174291289,0.123542907,0.101314334,0.186259786,0.329591139,0.303467742,0.308035393,0.270418072,0.361694017,0.226940217,0.246014483,0.170583735,0.094002857,0.068484556,0.102000476,0.117586996,0.051494097,0.041253191,0.069175097,0.037823958
Malawi,Mangochi,Mangochi Town,MWI.13.3_1,0.574975,0.565008333,0.608975,0.5237,0.62905,0.573491667,0.56735,0.532383333,0.477191667,0.439583333,0.4109,0.3932,0.387066667,0.367958333,0.346108333,0.34085,0.3358,0.326658333,0.318491667,0.324658333,0.338608333,0.340175,0.340183333
Malawi,Mangochi,Monkey Bay Urban,MWI.13.4_1,0.557633333,0.651366667,0.693683333,0.609066667,0.60595,0.647833333,0.579941667,0.539633333,0.467675,0.462575,0.421408333,0.395166667,0.376608333,0.358908333,0.334008333,0.328733333,0.294233333,0.284725,0.297541667,0.282608333,0.28605,0.281833333,0.391883333
Malawi,Mangochi,SC Chowe,MWI.13.5_1,0.735335413,0.719586972,0.737335229,0.685099083,0.696472294,0.751452294,0.712713945,0.702909174,0.645875046,0.566363486,0.550851193,0.485152477,0.451925872,0.41750422,0.375601284,0.358381468,0.331956697,0.316918899,0.304732661,0.309668257,0.307360367,0.323662385,0.358568257
Malawi,Mangochi,SC Mbwana Nyambi,MWI.13.6_1,0.697971681,0.59709764,0.656100147,0.655646313,0.598959735,0.759125516,0.721722124,0.722961652,0.682012537,0.617063569,0.612736873,0.547066372,0.517803835,0.477880826,0.428720796,0.409848968,0.368208112,0.350201917,0.330972419,0.352933038,0.358778761,0.363927286,0.40069115
Malawi,Mangochi,SC Namabvi,MWI.13.7_1,0.670813889,0.628595062,0.791659568,0.768459877,0.77736358,0.79737284,0.762451543,0.729278704,0.708485185,0.655470679,0.644589506,0.588633951,0.561736111,0.520628086,0.470195062,0.433250926,0.39980463,0.379270062,0.362253704,0.395799074,0.393444136,0.468399383,0.525175926
Malawi,Mangochi,TA Chimwala,MWI.13.8_1,0.637942597,0.715976753,0.670546364,0.675380779,0.640268052,0.739344026,0.725426364,0.712081948,0.644614156,0.571765974,0.546760728,0.487508973,0.45389961,0.416876753,0.376705844,0.358053766,0.328408052,0.317818312,0.308025714,0.312821818,0.315418312,0.333204416,0.347557403
Malawi,Mangochi,TA Jalasi,MWI.13.9_1,0.658501461,0.58357453,0.644393111,0.741378706,0.548263674,0.745844468,0.744893319,0.7072119,0.684488309,0.62666785,0.613314405,0.559903967,0.538321086,0.500651775,0.457973486,0.437402714,0.403206054,0.389439457,0.377353862,0.400472443,0.409585386,0.42794572,0.474078079
Malawi,Mangochi,TA Katuli,MWI.13.10_1,0.604915445,0.473851571,0.662013089,0.719515445,0.705359424,0.631980105,0.686560995,0.644749738,0.63456178,0.559653141,0.549600524,0.494370157,0.475700524,0.441237958,0.411591099,0.402600785,0.370730105,0.359559686,0.337180105,0.352106806,0.358075654,0.368081414,0.402666754
Malawi,Mangochi,TA Makanjila,MWI.13.11_1,0.658807015,0.763945351,0.771152692,0.711565416,0.756581403,0.758159543,0.717058401,0.672409788,0.643400816,0.581235237,0.550058401,0.508080098,0.469870473,0.427230995,0.394917129,0.371816803,0.34988646,0.337392822,0.322193312,0.339389723,0.338104894,0.388240457,0.423846166
Malawi,Mangochi,TA Mponda,MWI.13.12_1,0.625824564,0.708920919,0.721581775,0.699331854,0.743715055,0.732934231,0.713438827,0.661335816,0.601452298,0.537993661,0.502994612,0.452056735,0.418617116,0.387103645,0.351,0.32660729,0.310846593,0.300950079,0.289201268,0.283045959,0.284124723,0.287600634,0.303593819
Malawi,Mangochi,TA Nankumba,MWI.13.13_1,0.680497328,0.732839054,0.743642857,0.7113926,0.720543268,0.739240596,0.718001336,0.662417883,0.621619424,0.555158684,0.515943679,0.455873484,0.414115622,0.380325694,0.344144913,0.328975437,0.30848222,0.297072456,0.292539671,0.284794758,0.288621994,0.297175026,0.336191367
Malawi,Mchinji,Mchinji Boma,MWI.14.1_1,0.559414286,0.6348,0.668428571,0.489885714,0.6333,0.575857143,0.559371429,0.538728571,0.4812,0.424057143,0.381442857,0.368471429,0.339271429,0.340714286,0.311314286,0.317614286,0.2846,0.294414286,0.346785714,0.315257143,0.341857143,0.326914286,0.3992
Malawi,Mchinji,SC Dambe,MWI.14.2_1,0.556478082,0.659599178,0.589513973,0.661002466,0.538083836,0.650250685,0.626000548,0.607088493,0.562263836,0.477967945,0.437698904,0.39943589,0.36941726,0.346911507,0.319476712,0.317611507,0.290259178,0.283158904,0.290117534,0.299948219,0.293058356,0.278847397,0.326456712
Malawi,Mchinji,SC Mavwere,MWI.14.3_1,0.610873604,0.61980533,0.685150254,0.640298731,0.591572589,0.670852792,0.657806599,0.642816244,0.546706091,0.474302792,0.434777157,0.400741878,0.379136548,0.352133756,0.32975,0.319029188,0.298482234,0.296038832,0.297126142,0.295610406,0.293462437,0.289489848,0.351465482
Malawi,Mchinji,SC Mduwa,MWI.14.4_1,0.560447485,0.649069014,0.618905835,0.607265795,0.582550503,0.664048089,0.645344467,0.631436016,0.572657344,0.484205835,0.443211268,0.409113682,0.382434406,0.363998189,0.334982093,0.32464668,0.301449497,0.295725352,0.308659155,0.317874447,0.316687928,0.32008994,0.362030986
Malawi,Mchinji,TA Mkanda,MWI.14.5_1,0.574353133,0.638422055,0.661277444,0.702358396,0.6944901,0.671088972,0.647609148,0.632607268,0.577081203,0.495643484,0.460710902,0.428972306,0.403686341,0.382867043,0.350002882,0.339312782,0.315738596,0.309913659,0.326174311,0.34309787,0.341185213,0.34050589,0.38567218
Malawi,Mchinji,TA Mlonyeni,MWI.14.6_1,0.613051542,0.681508811,0.631570485,0.643262996,0.564914537,0.641962115,0.63103348,0.620996476,0.554411894,0.472167841,0.436495154,0.403221145,0.383922467,0.371551542,0.333511013,0.325102203,0.307746696,0.303121145,0.309981498,0.308199119,0.310503965,0.304802203,0.36338326
Malawi,Mchinji,TA Zulu,MWI.14.7_1,0.591755473,0.671831592,0.66276791,0.60065995,0.538838308,0.671160199,0.650879353,0.640870896,0.563835572,0.479642786,0.441443284,0.407304478,0.383079851,0.362656468,0.332909701,0.322948507,0.304607711,0.298851493,0.307271144,0.316541791,0.30976194,0.307646269,0.359165672
Malawi,Mulanje,Mulanje Boma,MWI.15.1_1,0.78206,0.78045,0.78595,0.7819,0.76835,0.78465,0.79085,0.7867,0.7861,0.73599,0.71628,0.69558,0.69918,0.68674,0.67787,0.66645,0.64243,0.61932,0.59796,0.59974,0.63998,0.64985,0.691
Malawi,Mulanje,Mulanje Mountain Forest Reserve,MWI.15.2_1,0.630327053,0.553540097,0.653421256,0.467452174,0.645133333,0.709944686,0.710215942,0.727511594,0.714738164,0.680610386,0.669581159,0.647549275,0.623401691,0.609094686,0.581798068,0.564460145,0.554685749,0.55653744,0.546647343,0.572144686,0.600999758,0.601867391,0.671626329
Malawi,Mulanje,SC Juma,MWI.15.3_1,0.488853741,0.669881633,0.726515986,0.661627551,0.639908163,0.68062483,0.677609864,0.649721088,0.564307823,0.489797959,0.468573129,0.397104762,0.377788095,0.332246259,0.304437415,0.294427211,0.276210204,0.259979252,0.243390816,0.240562245,0.248493878,0.238698639,0.261287075
Malawi,Mulanje,SC Laston Njema,MWI.15.4_1,0.690462931,0.681986207,0.729942241,0.648263793,0.768363793,0.764501724,0.759922414,0.755277586,0.709689655,0.674685345,0.675808621,0.623230172,0.616510345,0.60539569,0.582087931,0.559173276,0.534856034,0.512290517,0.455543103,0.468040517,0.487200862,0.484027586,0.559761207
Malawi,Mulanje,TA Chikumbu,MWI.15.5_1,0.58388855,0.720080153,0.754843511,0.685950382,0.729858015,0.732255725,0.740461832,0.7685,0.740047328,0.699425191,0.673383206,0.595544275,0.566270229,0.509780916,0.464022901,0.458052672,0.424029008,0.378612977,0.327112214,0.31188855,0.349934351,0.373623664,0.424926718
Malawi,Mulanje,TA Mabuka,MWI.15.6_1,0.674816431,0.774508499,0.77453796,0.708301133,0.778017847,0.778794618,0.789745326,0.802608499,0.767541926,0.731078187,0.715353258,0.669054391,0.652822663,0.624013881,0.583969122,0.565674788,0.533892635,0.503585269,0.460845892,0.463507365,0.499437394,0.499039093,0.576035694
Malawi,Mulanje,TA Nkanda,MWI.15.7_1,0.546999363,0.685064968,0.720029936,0.659279936,0.660511465,0.669371975,0.669121975,0.648310828,0.562984395,0.491009873,0.471481529,0.400991083,0.380773567,0.339790446,0.313226115,0.306909236,0.283958917,0.270425796,0.251536306,0.258078025,0.272531847,0.269096178,0.291846178
Malawi,Mulanje,TA Nthiramanja,MWI.15.8_1,0.550593939,0.720014141,0.713013131,0.655958586,0.671181818,0.693744444,0.700636364,0.732309091,0.679457576,0.629631313,0.609456566,0.526639394,0.494861616,0.449526263,0.40750404,0.389760606,0.366458586,0.338414141,0.297071717,0.286827273,0.314905051,0.321374747,0.361069697
Malawi,Mwanza,Majete Game Reserve - Mwanza,MWI.16.1_1,0.652911429,0.769288571,0.729442143,0.706395,0.751478571,0.713024286,0.724986429,0.692823571,0.641181429,0.571718571,0.541599286,0.459390714,0.442496429,0.393654286,0.359570714,0.351066429,0.315062143,0.290753571,0.273415,0.28143,0.352599286,0.446615714,0.450171429
Malawi,Mwanza,Mwanza Boma,MWI.16.2_1,0.548466667,0.782241667,0.72515,0.732241667,0.728266667,0.698791667,0.691291667,0.7251,0.666208333,0.618733333,0.6578,0.54465,0.530991667,0.468975,0.430641667,0.410366667,0.388775,0.366333333,0.351083333,0.343275,0.365083333,0.348991667,0.39955
Malawi,Mwanza,TA Kanduku,MWI.16.3_1,0.585868379,0.700169565,0.714188538,0.680878656,0.723883794,0.703259289,0.697686166,0.710706719,0.656622134,0.605993676,0.611273518,0.533103557,0.526956522,0.462647431,0.417940316,0.39550751,0.358793281,0.331574704,0.310534783,0.308938735,0.349082213,0.381967984,0.413331621
Malawi,Mwanza,TA Nthache,MWI.16.4_1,0.617765323,0.664932258,0.75256371,0.550960081,0.754571774,0.74944879,0.708681855,0.771756048,0.727450403,0.681688306,0.690244758,0.606939516,0.594829435,0.532985484,0.485602419,0.452678226,0.408540323,0.377815323,0.356431048,0.353785081,0.412766532,0.458749597,0.523355645
Malawi,Mzimba,Mzimba Boma,MWI.17.1_1,0.4228,0.484366667,0.559633333,0.642,0.650877778,0.663844444,0.593866667,0.525188889,0.424777778,0.3852,0.353955556,0.326955556,0.315866667,0.309088889,0.2801,0.279011111,0.267622222,0.277377778,0.274744444,0.2567,0.2614,0.263955556,0.2795
Malawi,Mzimba,Mzuzu City,MWI.17.2_1,0.3855525,0.554704167,0.571106667,0.590025,0.672,0.189961667,0.142700833,0.647879167,0.63702,0.529993333,0.549664167,0.533209167,0.365983333,0.494925833,0.4891475,0.5028325,0.4402125,0.419740833,0.431025,0.406831667,0.410958333,0.4513325,0.4652125
Malawi,Mzimba,SC Jaravikuba Munthali,MWI.17.3_1,0.553218045,0.595548872,0.713094737,0.733567669,0.744105263,0.459329323,0.232765414,0.743592481,0.723735338,0.656732331,0.619666917,0.574537594,0.558410526,0.535806767,0.479569173,0.477125564,0.425819549,0.396842105,0.382573684,0.376719549,0.388106015,0.418493985,0.461866917
Malawi,Mzimba,SC Kampingo Sibande,MWI.17.4_1,0.532237939,0.584501939,0.673551152,0.598407758,0.723103394,0.636045455,0.59235503,0.654861818,0.618883636,0.567096485,0.544337091,0.516788606,0.479662667,0.467924485,0.448603273,0.427618424,0.407762667,0.397044485,0.400679273,0.393121818,0.411356242,0.45048897,0.489457333
Malawi,Mzimba,SC Khosolo Gwaza Jere,MWI.17.5_1,0.604733004,0.661313473,0.651752534,0.393320025,0.596965019,0.630346354,0.522984796,0.698794314,0.695970705,0.621542645,0.585424722,0.548114462,0.51014796,0.480125587,0.459556984,0.431357602,0.395033622,0.368714339,0.366434363,0.351864771,0.378687639,0.404813721,0.403192707
Malawi,Mzimba,TA Chindi,MWI.17.6_1,0.551601133,0.594554697,0.638435243,0.519514257,0.675650433,0.66990553,0.62435463,0.619347302,0.570489407,0.518983944,0.487462425,0.452075017,0.434226516,0.420451832,0.388348301,0.363276282,0.351518454,0.342262159,0.344916389,0.356270353,0.355930846,0.366303664,0.389002065
Malawi,Mzimba,TA M'Mbelwa,MWI.17.7_1,0.458199084,0.591701731,0.58042556,0.567904888,0.645460489,0.627096334,0.585970468,0.538730448,0.489465071,0.444763035,0.422479022,0.396233198,0.38060224,0.369961507,0.339060387,0.327322912,0.308290224,0.306397047,0.307953564,0.316729124,0.308184725,0.309092464,0.329145723
Malawi,Mzimba,TA Mabulabo,MWI.17.8_1,0.515115313,0.5974175,0.621258906,0.490963281,0.675110156,0.58519125,0.583522344,0.585079219,0.555633906,0.491405625,0.450794844,0.423591563,0.403047344,0.381020156,0.35497,0.341267188,0.315168906,0.303924844,0.311392656,0.309184688,0.313994688,0.324571094,0.320351094
Malawi,Mzimba,TA Mpherembe,MWI.17.9_1,0.584085205,0.646133868,0.689041176,0.507530125,0.723161676,0.655324777,0.64214795,0.637693761,0.590689305,0.528032977,0.491587701,0.453664171,0.435713369,0.408424955,0.365310517,0.336461497,0.322033333,0.30529893,0.301167914,0.302094296,0.303303922,0.300518182,0.306310517
Malawi,Mzimba,TA Mtwalo,MWI.17.10_1,0.573116369,0.623588393,0.67416381,0.57252744,0.750112738,0.609193333,0.48168381,0.675610655,0.643076786,0.574402976,0.541165536,0.50759506,0.478929226,0.462875714,0.425552321,0.400896667,0.372187619,0.354375714,0.34682744,0.344105595,0.349132381,0.375072917,0.403034107
Malawi,Mzimba,TA Mzikubola,MWI.17.11_1,0.463969799,0.565487791,0.645058956,0.616288434,0.710531084,0.69052506,0.626400482,0.640565141,0.606350602,0.561219598,0.535252369,0.509162731,0.480031325,0.468420723,0.447996948,0.429941526,0.410601365,0.408382329,0.411708112,0.42025245,0.413783052,0.439893494,0.443999839
Malawi,Mzimba,TA Mzukuzuku,MWI.17.12_1,0.543217826,0.590329565,0.608616957,0.431725217,0.664687826,0.610608261,0.566219565,0.540540435,0.471677826,0.432940435,0.415343043,0.38936913,0.371856087,0.358238696,0.334647391,0.322721739,0.305212609,0.31136,0.30252087,0.316468696,0.301523478,0.303288696,0.319268696
Malawi,Mzimba,Vwaza Marsh Game Reserve - Mzimba,MWI.17.13_1,0.662388372,0.805045736,0.723965116,0.571951163,0.77730155,0.720882946,0.616496899,0.762410853,0.742184496,0.682951163,0.63175814,0.568573643,0.527213178,0.479108527,0.404077519,0.357257364,0.34994186,0.346032558,0.345952713,0.353481395,0.351903101,0.34808062,0.378789922
Malawi,Neno,Majete Game Reserve - Neno,MWI.18.1_1,0.752707692,0.806638462,0.715969231,0.696646154,0.710238462,0.659707692,0.705092308,0.670576923,0.645823077,0.525523077,0.473669231,0.412415385,0.395384615,0.366269231,0.335123077,0.332423077,0.313807692,0.297669231,0.283484615,0.304023077,0.373107692,0.544030769,0.577330769
Malawi,Neno,TA Dambe,MWI.18.2_1,0.689797297,0.585869369,0.791651351,0.610904505,0.681727928,0.760354505,0.754977027,0.778337838,0.752690541,0.702676126,0.706766667,0.656836486,0.638098649,0.606922973,0.56444955,0.556407658,0.51652027,0.480764865,0.442026126,0.427472973,0.483227928,0.494294144,0.591342793
Malawi,Neno,TA Mlauli,MWI.18.3_1,0.644450204,0.748547755,0.73641,0.733972449,0.745269388,0.706640408,0.69449,0.665630204,0.616347551,0.550616122,0.532276122,0.462880408,0.452239592,0.40172,0.359352449,0.340092449,0.309836531,0.290786327,0.285777755,0.30634102,0.375771633,0.383849184,0.439282857
Malawi,Neno,TA Ngozi,MWI.18.4_1,0.722987324,0.71298838,0.758831338,0.737083803,0.744340845,0.716224296,0.719896831,0.718923944,0.660891901,0.594356338,0.586109155,0.524682042,0.498772535,0.458993662,0.415271831,0.395088028,0.367307394,0.342056338,0.318002113,0.316439789,0.357001761,0.355802113,0.464241901
Malawi,Neno,TA Symon,MWI.18.5_1,0.662830141,0.739765634,0.743753803,0.735727324,0.729345352,0.708278592,0.689348732,0.646859437,0.55915831,0.484941408,0.451702254,0.404560282,0.379934085,0.347714366,0.317992676,0.308197465,0.283786197,0.277423944,0.272197183,0.277811831,0.312914366,0.297780845,0.335464789
Malawi,Nkhata Bay,Lake Malawi,MWI.19.1_1,0.106137327,0.165372293,0.093681387,0.075879104,0.118213351,0.109665391,0.079883107,0.2545859,0.349091619,0.310396269,0.306615312,0.38047384,0.279467777,0.28597495,0.269009585,0.186606084,0.197241007,0.129554523,0.114384422,0.119033138,0.212146505,0.283543799,0.249920105
Malawi,Nkhata Bay,SC Fukamalaza,MWI.19.2_1,0.767945,0.7430225,0.5474625,0.61318,0.7712125,0.5835875,0.3109575,0.7733175,0.7399325,0.71406,0.693635,0.665005,0.661575,0.62656,0.623315,0.628935,0.5867275,0.5527425,0.5448,0.5026625,0.5199425,0.5588175,0.6415075
Malawi,Nkhata Bay,SC Malanda,MWI.19.3_1,0.74271958,0.761724476,0.467846853,0.551087413,0.772454545,0.790153846,0.310027972,0.786909091,0.767909091,0.673495804,0.702897902,0.68810979,0.663483916,0.631455944,0.630248951,0.615902797,0.57241049,0.554993706,0.538367832,0.476156643,0.498502098,0.562135664,0.631896503
Malawi,Nkhata Bay,SC Nyaluwanga,MWI.19.4_1,0.688693939,0.662187879,0.460244444,0.794453535,0.757479798,0.310372727,0.137341414,0.763339394,0.699360606,0.615773737,0.708535354,0.682411111,0.516793939,0.619842424,0.609777778,0.611740404,0.563430303,0.55509697,0.535724242,0.498476768,0.537356566,0.557382828,0.590143434
Malawi,Nkhata Bay,SC Zilakoma,MWI.19.5_1,0.578249515,0.648753398,0.702825243,0.532199757,0.711869903,0.435569175,0.143073058,0.749350728,0.808018932,0.708511165,0.732629854,0.758973786,0.590854612,0.712183495,0.696676214,0.677305825,0.639722816,0.602258252,0.594466019,0.558460922,0.569361165,0.636792476,0.681722816
Malawi,Nkhata Bay,TA Fukamapiri,MWI.19.6_1,0.766205,0.756766111,0.692257778,0.665781111,0.762011667,0.641741667,0.479022778,0.790712778,0.771906111,0.660893333,0.726590556,0.705155,0.668347222,0.642229444,0.623670556,0.597739444,0.554505,0.518858333,0.490903333,0.446368333,0.488225,0.576228333,0.668524444
Malawi,Nkhata Bay,TA Kabunduli,MWI.19.7_1,0.612368367,0.671271224,0.614645918,0.57228619,0.77727966,0.622282177,0.246140272,0.745437211,0.803851905,0.678487755,0.722280272,0.74186619,0.548991497,0.676927143,0.67169381,0.65605068,0.617234762,0.580700272,0.575915714,0.533645986,0.546892585,0.597815102,0.652610544
Malawi,Nkhata Bay,TA Malenga Mzoma,MWI.19.8_1,0.721844118,0.743397059,0.636167647,0.707620588,0.678176471,0.761511765,0.255697059,0.777197059,0.712252941,0.678823529,0.677738235,0.640847059,0.611897059,0.565894118,0.568623529,0.568967647,0.516947059,0.520617647,0.491108824,0.412885294,0.447267647,0.522391176,0.587367647
Malawi,Nkhata Bay,TA Musisya,MWI.19.9_1,0.597671237,0.66883629,0.60339328,0.748803495,0.666397581,0.306467473,0.205675538,0.725923656,0.788348118,0.61855457,0.748205645,0.722269624,0.603534409,0.677824194,0.630667473,0.628595968,0.562671237,0.533616398,0.50423172,0.470038441,0.501939247,0.567262366,0.631994086
Malawi,Nkhata Bay,TA Timbiri,MWI.19.10_1,0.712255782,0.750104762,0.566734694,0.714010204,0.763739456,0.314152041,0.083061224,0.701689796,0.767885714,0.68855068,0.744732313,0.734130272,0.66147415,0.68234898,0.684555442,0.667494898,0.634395238,0.630432313,0.594356122,0.544691156,0.566917347,0.597580272,0.619208503
Malawi,Nkhotakota,Lake Malawi,MWI.20.1_1,0.09663172,0.038695081,0.015361983,0.02458265,0.0563775,0.071436076,0.115767366,0.170594971,0.282925126,0.142688775,0.143239515,0.245593981,0.148373354,0.172220393,0.147715409,0.08438173,0.114230864,0.012967011,0.065295754,0.09055651,0.084378213,0.162368187,0.219288126
Malawi,Nkhotakota,Nkhotakota Boma,MWI.20.2_1,0.547466667,0.534908333,0.560525,0.142291667,0.677258333,0.588241667,0.617425,0.603433333,0.540758333,0.497075,0.436241667,0.389825,0.362358333,0.341,0.342266667,0.338125,0.322216667,0.299366667,0.301916667,0.278733333,0.2921,0.291416667,0.342475
Malawi,Nkhotakota,Nkhotakota Game Reserve,MWI.20.3_1,0.687802321,0.652314829,0.754798582,0.266958092,0.641394262,0.706936299,0.781512186,0.803238362,0.79031715,0.759343585,0.733017537,0.704135074,0.674994713,0.633651451,0.593568214,0.536812315,0.487837395,0.44162521,0.421239845,0.429034365,0.479273179,0.546015732,0.631946099
Malawi,Nkhotakota,SC Kafuzila,MWI.20.4_1,0.613984632,0.725187158,0.710719579,0.406124842,0.582194737,0.501290316,0.232994316,0.758790947,0.775277684,0.662313053,0.686001684,0.674953895,0.566517895,0.610988632,0.589513053,0.565309474,0.518392211,0.483294947,0.475144421,0.437165684,0.462648421,0.494536211,0.571359368
Malawi,Nkhotakota,SC Mphonde,MWI.20.5_1,0.621009259,0.625161111,0.60855463,0.416542593,0.685689815,0.61992037,0.658407407,0.661247222,0.624461111,0.552026852,0.518227778,0.482325,0.452375,0.413699074,0.398112963,0.383917593,0.351617593,0.333935185,0.322305556,0.300182407,0.307116667,0.306042593,0.358186111
Malawi,Nkhotakota,SC Mwansambo,MWI.20.6_1,0.553407843,0.538670588,0.710796569,0.410527451,0.751776961,0.692037255,0.696283824,0.666235294,0.613587745,0.534395588,0.503544118,0.474007843,0.443169608,0.407561765,0.387467157,0.368110784,0.329609804,0.306545588,0.296004412,0.27832451,0.294872549,0.293386275,0.309462255
Malawi,Nkhotakota,TA Kanyenda,MWI.20.7_1,0.606641811,0.647131407,0.659834104,0.366344123,0.593825048,0.542705202,0.62963815,0.654573025,0.634139114,0.569874566,0.535248748,0.506201734,0.478626975,0.44533025,0.426549518,0.426579576,0.389409634,0.388874566,0.371578035,0.343806936,0.353567437,0.368719461,0.404426204
Malawi,Nkhotakota,TA Malenga Chanzi,MWI.20.8_1,0.574925547,0.626260949,0.578569708,0.27820292,0.629920803,0.623877289,0.613785401,0.618630657,0.594882847,0.529017883,0.48860073,0.457069708,0.421741241,0.390270073,0.375565568,0.360641758,0.335266788,0.326593066,0.312939416,0.29629562,0.302402555,0.314881387,0.377164599
Malawi,Nkhotakota,TA Mwadzama,MWI.20.9_1,0.562153091,0.628668182,0.692892,0.579585455,0.707349818,0.655411818,0.660137636,0.631021273,0.587531273,0.512998182,0.481913818,0.455033818,0.415806909,0.379341455,0.359304,0.342384182,0.314825091,0.298652,0.291811455,0.274411636,0.281268364,0.279443273,0.312259199
Malawi,Nsanje,Mwabvi Game Reserve,MWI.21.1_1,0.666427797,0.764432203,0.77803322,0.725804407,0.780621695,0.750264068,0.658394915,0.717242712,0.649771864,0.592139661,0.582340339,0.496857966,0.460704068,0.425471186,0.380815254,0.348040678,0.324445424,0.306950508,0.289646102,0.297221356,0.331551864,0.402586441,0.457302034
Malawi,Nsanje,Nsanje Boma,MWI.21.2_1,0.4694,0.630482353,0.657435294,0.674305882,0.647529412,0.635123529,0.631388235,0.600664706,0.560417647,0.514458824,0.499994118,0.477917647,0.455464706,0.448858824,0.423652941,0.422182353,0.402958824,0.378147059,0.361629412,0.354576471,0.371047059,0.391082353,0.423141176
Malawi,Nsanje,SC Makoka,MWI.21.3_1,0.645746429,0.706766071,0.783891071,0.736714286,0.773746429,0.761648214,0.7212125,0.770614286,0.721648214,0.685110714,0.672558929,0.5980625,0.551223214,0.529644643,0.496294643,0.451648214,0.394094643,0.371605357,0.350160714,0.395891071,0.496133929,0.475307143,0.580091071
Malawi,Nsanje,SC Mbenje,MWI.21.4_1,0.491048551,0.66997971,0.673588043,0.656773913,0.711971377,0.65095942,0.578357971,0.602138406,0.525974638,0.48531558,0.468633333,0.440072826,0.420127899,0.394169203,0.368705435,0.342769203,0.333954348,0.31779058,0.302749638,0.301828986,0.347123188,0.361733696,0.378597464
Malawi,Nsanje,TA Chimombo,MWI.21.5_1,0.555459375,0.68863125,0.7188125,0.671634375,0.630053125,0.661440625,0.6640125,0.634771875,0.578115625,0.552671875,0.52356875,0.499575,0.473253125,0.46268125,0.43651875,0.416925,0.395596875,0.366746875,0.34338125,0.33443125,0.40853125,0.392165625,0.436765625
Malawi,Nsanje,TA Malemia,MWI.21.6_1,0.615649565,0.742333043,0.790225217,0.776281739,0.791413043,0.756784348,0.719710435,0.746901739,0.695607826,0.6516,0.632747826,0.579686957,0.544053913,0.527449565,0.489557391,0.449325217,0.39700087,0.371621739,0.33744087,0.340673043,0.387058261,0.474944348,0.520725217
Malawi,Nsanje,TA Mlolo,MWI.21.7_1,0.613723906,0.696537037,0.719522896,0.722627273,0.716314815,0.701817845,0.684620875,0.702837037,0.651243098,0.5995367,0.580297643,0.560812795,0.559837037,0.554441751,0.5158367,0.489025589,0.475714815,0.459611785,0.420141077,0.429898316,0.470322559,0.483326936,0.529620202
Malawi,Nsanje,TA Ndamera,MWI.21.8_1,0.584829268,0.706928659,0.74089878,0.733202439,0.754688415,0.737553049,0.687162805,0.720960366,0.662995732,0.613545732,0.610078659,0.540639024,0.496435976,0.487556098,0.458906098,0.439752439,0.399370122,0.384678049,0.353727439,0.369139634,0.430093293,0.42399939,0.496257317
Malawi,Nsanje,TA Ngabu,MWI.21.9_1,0.612253061,0.70054898,0.75292449,0.736612245,0.746179592,0.741338776,0.684606122,0.74262449,0.700112245,0.668857143,0.646393878,0.612040816,0.578361224,0.567530612,0.524720408,0.499053061,0.456455102,0.431373469,0.396063265,0.405879592,0.463061224,0.491777551,0.544573469
Malawi,Nsanje,TA Nyachikadza,MWI.21.10_1,0.788588406,0.794842029,0.800907246,0.797301449,0.772788406,0.772017391,0.788449275,0.772421739,0.71977971,0.695226087,0.689763768,0.683756522,0.674042029,0.658550725,0.61647971,0.603053623,0.55637971,0.545101449,0.496255072,0.49247971,0.574450725,0.56393913,0.59935942
Malawi,Nsanje,TA Tengani,MWI.21.11_1,0.554211628,0.730569103,0.744508638,0.730510631,0.752463455,0.696033223,0.64991196,0.655309967,0.561072425,0.5108,0.501347508,0.443915615,0.420165116,0.396500332,0.366139535,0.325689369,0.304851495,0.288493688,0.278077076,0.279991694,0.304632226,0.357910963,0.40503289
Malawi,Ntcheu,Ntcheu Boma,MWI.22.1_1,0.740533333,0.7433,0.623777778,0.538177778,0.350822222,0.618977778,0.613344444,0.557588889,0.511288889,0.444966667,0.432322222,0.394077778,0.385333333,0.358366667,0.351877778,0.339488889,0.325055556,0.335066667,0.318144444,0.323944444,0.374644444,0.377844444,0.394333333
Malawi,Ntcheu,SC Champiti,MWI.22.2_1,0.789974359,0.757128205,0.710803846,0.795008974,0.456630769,0.718953846,0.686716667,0.677502564,0.588015385,0.509924359,0.499521795,0.452744872,0.431161538,0.394814103,0.36315641,0.346144872,0.326333333,0.321639744,0.320323077,0.323912821,0.335970513,0.357978205,0.384828205
Malawi,Ntcheu,SC Goodson Ganya,MWI.22.3_1,0.72192764,0.802138043,0.751957609,0.668082919,0.666994099,0.706272516,0.692008696,0.672447205,0.60063882,0.522756522,0.498307453,0.441738665,0.410948913,0.373103261,0.343739752,0.326534938,0.314625,0.305251863,0.298315839,0.297120031,0.301990528,0.31808354,0.352984627
Malawi,Ntcheu,SC Makwangwala,MWI.22.4_1,0.743458391,0.770490345,0.682623678,0.69849908,0.547031724,0.680972874,0.672730805,0.669514943,0.586575402,0.510451724,0.492261379,0.439042069,0.415385057,0.376796782,0.344750805,0.328095862,0.311732414,0.303107586,0.294272644,0.292967126,0.299810345,0.305111724,0.332392184
Malawi,Ntcheu,TA Masasa,MWI.22.7_1,0.631797209,0.717796279,0.775506512,0.659126977,0.652073953,0.708055814,0.670697674,0.65609814,0.575796279,0.49072093,0.468616744,0.413870233,0.380661395,0.350595814,0.324553488,0.318367442,0.299189302,0.282027907,0.277206512,0.268732093,0.270267907,0.277982791,0.296971163
Malawi,Ntcheu,TA Mpando,MWI.22.8_1,0.727367877,0.678915084,0.736517598,0.495362291,0.415748045,0.673400838,0.675077095,0.633406983,0.59239162,0.51902486,0.512861453,0.459461732,0.442768156,0.410557263,0.384260335,0.377401397,0.358691899,0.34773324,0.332678771,0.334850838,0.359151676,0.390960615,0.447709218
Malawi,Ntcheu,TA Njolomole,MWI.22.9_1,0.626954369,0.810861165,0.684924757,0.620598058,0.508904369,0.653290291,0.685683495,0.645143204,0.591260194,0.511117476,0.488718932,0.440267476,0.418534951,0.384268932,0.358679612,0.350661165,0.338948058,0.333398544,0.325763107,0.330005825,0.336998544,0.373502427,0.417954854
Malawi,Ntcheu,TA Phambala,MWI.22.10_1,0.725505405,0.729552196,0.694923818,0.730723986,0.616799493,0.68895777,0.700606081,0.678247128,0.614872635,0.544060304,0.542548311,0.487458446,0.462042399,0.424512838,0.388154561,0.369246959,0.344093074,0.327139527,0.313059122,0.324113851,0.363508108,0.39395777,0.455123986
Malawi,Ntchisi,Ntchisi Boma,MWI.23.1_1,0.348725,0.5671,0.752725,0.5357,0.60285,0.7479,0.682025,0.58055,0.50855,0.42325,0.39395,0.355325,0.33685,0.31685,0.29735,0.28515,0.2831,0.2702,0.2761,0.2837,0.274475,0.2769,0.279725
Malawi,Ntchisi,SC Chilooko,MWI.23.2_1,0.587893805,0.602264602,0.732899779,0.46958031,0.686741372,0.709699336,0.647159071,0.615740265,0.555565708,0.479468805,0.449565929,0.420607301,0.396711726,0.364702212,0.344909071,0.331085841,0.306545575,0.292449336,0.293143805,0.289028319,0.301191814,0.308133186,0.352605088
Malawi,Ntchisi,SC Nthondo,MWI.23.3_1,0.495605435,0.440061957,0.77083913,0.26615,0.740084239,0.771363587,0.74471413,0.723906522,0.670711957,0.588468478,0.555326087,0.531605435,0.501516848,0.464680978,0.437808152,0.417992935,0.370748913,0.343134239,0.33193913,0.324361957,0.360055435,0.39708587,0.424557609
Malawi,Ntchisi,TA Chikho,MWI.23.4_1,0.500196682,0.396502844,0.695060664,0.557453081,0.622122275,0.727393365,0.740540284,0.700242654,0.6368109,0.538628436,0.494415166,0.457650237,0.422799052,0.383981043,0.354959242,0.344345498,0.312719905,0.297835071,0.296595261,0.301567773,0.294199526,0.309049763,0.308992417
Malawi,Ntchisi,TA Kalumo,MWI.23.5_1,0.410410841,0.583771903,0.717787168,0.661502212,0.665426327,0.723239381,0.642019027,0.577673451,0.501832522,0.429219912,0.393616372,0.366431858,0.346388274,0.317429646,0.299851549,0.291861062,0.273321018,0.264219248,0.262579204,0.262723451,0.260792035,0.266729867,0.282015487
Malawi,Ntchisi,TA Kasakula,MWI.23.6_1,0.571101408,0.538764789,0.727219718,0.436056338,0.75916338,0.72801831,0.748294366,0.700361972,0.63924507,0.548095775,0.509795775,0.489339437,0.453567606,0.418459155,0.391233803,0.380128169,0.339067606,0.320012676,0.30511831,0.290657746,0.303376056,0.308278873,0.307792958
Malawi,Ntchisi,TA Kasukula,MWI.23.7_1,0.593556364,0.534639091,0.814187273,0.305010909,0.657505455,0.805454545,0.794578182,0.777686364,0.750148182,0.696906364,0.667270909,0.638610909,0.610936364,0.577066364,0.535756364,0.503977273,0.469336364,0.436408182,0.415747273,0.413216364,0.466744545,0.498049091,0.501764545
Malawi,Phalombe,Lake Chilwa,MWI.24.1_1,-0.018220408,-0.013616667,-0.009725,-0.00548,-0.078136364,-0.044654,-0.076872289,-0.058354098,-0.079944643,-0.045941667,-0.053376923,-0.005686667,-0.0849,-0.078334722,-0.1056475,-0.104324051,-0.086123729,-0.072885714,-0.038092157,-0.052427381,-0.04109434,-0.07272,-0.062467857
Malawi,Phalombe,TA Mkhumba,MWI.24.2_1,0.640030529,0.701452103,0.722518046,0.682292402,0.669567571,0.693000136,0.650204071,0.662132429,0.591799729,0.524796472,0.500402307,0.438912212,0.407839756,0.372486567,0.342926594,0.324767978,0.309915061,0.294956309,0.27414152,0.268536092,0.287004613,0.282251289,0.32949213
Malawi,Phalombe,TA Nazombe,MWI.24.3_1,0.653196296,0.69355787,0.686037037,0.652675926,0.640184722,0.660281481,0.64101412,0.611221528,0.579036806,0.516353472,0.498139352,0.447259491,0.423313657,0.383059722,0.355509722,0.345646759,0.319069444,0.306553241,0.285277315,0.281261806,0.318969676,0.321501852,0.387844676
Malawi,Rumphi,Lake Malawi,MWI.25.1_1,0.04660774,0.089687373,0.107402874,0.053608232,0.154058741,0.099212683,0.02632887,0.236895534,0.244548007,0.20608105,0.148715094,0.175339696,0.126501257,0.117958292,0.138880084,0.161745643,0.09670961,0.055972971,0.019691987,0.049520584,0.101910719,0.176440358,0.277503369
Malawi,Rumphi,Nyika National Park - Rumphi,MWI.25.2_1,0.468443517,0.52942,0.773963517,0.667780966,0.784966138,0.673914552,0.325823241,0.785439586,0.769107172,0.718475793,0.671540759,0.623815793,0.556602069,0.577348207,0.533866552,0.485239448,0.493378483,0.488134621,0.500275931,0.502275586,0.529863034,0.564333655,0.623236207
Malawi,Rumphi,Rumphi Boma,MWI.25.3_1,0.59231,0.6025,0.65814,0.66659,0.69599,0.63115,0.24185,0.6244,0.57743,0.52134,0.47566,0.43792,0.42379,0.39369,0.33781,0.33911,0.3162,0.30958,0.30758,0.2879,0.29415,0.30486,0.31782
Malawi,Rumphi,SC Chapinduka,MWI.25.4_1,0.698636782,0.731144828,0.715962069,0.729962069,0.779250575,0.642606897,0.23987931,0.783918391,0.789932184,0.617591954,0.805127586,0.783366667,0.750337931,0.749672414,0.682958621,0.675936782,0.617436782,0.601171264,0.569545977,0.525514943,0.550018391,0.597404598,0.644078161
Malawi,Rumphi,SC Kachulu,MWI.25.5_1,0.490701739,0.69146087,0.674069565,0.744489565,0.752131304,0.517791304,0.288065217,0.772212174,0.762927826,0.736603478,0.67090087,0.688765217,0.487383478,0.644506957,0.575874783,0.58852,0.536309565,0.502593913,0.489563478,0.443866087,0.464502609,0.455282609,0.482835652
Malawi,Rumphi,SC Mwahenga,MWI.25.6_1,0.525163717,0.575657522,0.604453982,0.70589823,0.765822124,0.605144248,0.394272566,0.773027434,0.726847788,0.662269912,0.618376106,0.561834513,0.527371681,0.519623894,0.454555752,0.431584956,0.403200885,0.368171681,0.353493805,0.340776991,0.336262832,0.369817699,0.415902655
Malawi,Rumphi,SC Mwalweni,MWI.25.7_1,0.617757798,0.721410092,0.703259174,0.719248624,0.74474633,0.587187615,0.328362385,0.781414679,0.76410367,0.729649541,0.707466055,0.670685321,0.589701376,0.626716514,0.553781193,0.554197248,0.497371101,0.463345872,0.448091743,0.414249083,0.426715596,0.430501835,0.502378899
Malawi,Rumphi,SC Mwankhunikira,MWI.25.8_1,0.589895687,0.640315094,0.691914825,0.526357412,0.772573046,0.578760108,0.185873315,0.75913504,0.746164151,0.666102695,0.677920216,0.641280323,0.593883558,0.586621294,0.514165229,0.523100539,0.459438005,0.418699191,0.410853639,0.402253908,0.40555283,0.44911159,0.522808625
Malawi,Rumphi,TA Chikulamayembe,MWI.25.9_1,0.639960857,0.676166913,0.752369129,0.679714771,0.766758641,0.737589069,0.465001625,0.718238257,0.667574151,0.60875805,0.568116987,0.518685377,0.498311226,0.464800443,0.407048449,0.366994239,0.348936041,0.33021418,0.320499261,0.317889069,0.337197932,0.346213885,0.403560709
Malawi,Rumphi,TA Katumbi,MWI.25.10_1,0.677189706,0.702813235,0.626213235,0.76065,0.755069118,0.676704412,0.671955882,0.710002941,0.667817647,0.604361765,0.567173529,0.526527941,0.504364706,0.490822059,0.438017647,0.386642647,0.367292647,0.348185294,0.338729412,0.355155882,0.395975,0.397388235,0.477963235
Malawi,Rumphi,TA Mwamlowe,MWI.25.11_1,0.703442143,0.744255714,0.662095,0.630875,0.771439286,0.442966429,0.272182143,0.787287857,0.740223571,0.646471429,0.751820714,0.733955,0.677961429,0.703234286,0.624221429,0.633976429,0.558521429,0.543380714,0.514548571,0.47367,0.497965,0.526152857,0.620697857
Malawi,Rumphi,Vwaza Marsh Game Reserve - Rumphi,MWI.25.12_1,0.739105634,0.767728553,0.762947759,0.6592,0.782920359,0.704405378,0.64609872,0.749784507,0.722787196,0.663845967,0.622040717,0.575127785,0.548595134,0.516157106,0.457609219,0.388922535,0.376628937,0.367855186,0.373103201,0.398780154,0.414512164,0.42064315,0.512708835
Malawi,Salima,Lake Malawi,MWI.26.1_1,0.130245,0.108519885,0.170683436,0.105162745,0.211028243,0.236875041,0.261783724,0.31666625,0.412432303,0.19724078,0.35846206,0.336008738,0.254461,0.273258442,0.139790957,0.199918723,0.196766518,0.087759067,0.077808206,0.098437918,0.126169703,0.2063323,0.192008478
Malawi,Salima,Salima Town,MWI.26.2_1,0.460616667,0.6008,0.667241667,0.568916667,0.662458333,0.610725,0.537808333,0.4825,0.44,0.408908333,0.384383333,0.355016667,0.339091667,0.31355,0.30155,0.29885,0.287633333,0.274391667,0.27105,0.257483333,0.263016667,0.284925,0.3266
Malawi,Salima,SC Kambalame,MWI.26.3_1,0.476708163,0.664326531,0.755895918,0.720177551,0.757144898,0.671910204,0.658561224,0.520473469,0.481661224,0.435955102,0.405620408,0.378367347,0.344340816,0.321916327,0.303995918,0.296830612,0.282142857,0.27015102,0.266222449,0.250934694,0.249706122,0.24514898,0.25035102
Malawi,Salima,SC Kambwiri,MWI.26.4_1,0.524945415,0.741470742,0.797857642,0.685108297,0.80949869,0.771227074,0.735043231,0.590030568,0.549983406,0.479534061,0.431246288,0.386290393,0.348828384,0.317538865,0.301819651,0.29458559,0.282346288,0.266889956,0.266469869,0.253183843,0.268340611,0.31620917,0.381095197
Malawi,Salima,SC Mwanza,MWI.26.5_1,0.466469748,0.582273109,0.682893277,0.623595798,0.698852941,0.748582353,0.705023529,0.664158824,0.608464706,0.516156303,0.482387395,0.444129412,0.408239496,0.369076471,0.341410924,0.329212605,0.305057983,0.281684874,0.271092437,0.264378151,0.268371429,0.27250084,0.290313445
Malawi,Salima,TA Karonga,MWI.26.6_1,0.544734772,0.668489594,0.761592386,0.62151599,0.725437563,0.75091269,0.717284518,0.638571066,0.594671827,0.533639594,0.483935025,0.437731472,0.390320051,0.351420558,0.330402284,0.314679188,0.297941117,0.278432995,0.271315736,0.259980203,0.266771066,0.282627411,0.31272665
Malawi,Salima,TA Khombedza,MWI.26.7_1,0.524781638,0.57939209,0.730029661,0.512275141,0.763237288,0.728256497,0.690307062,0.64275,0.596672034,0.508164124,0.473990395,0.439492655,0.402057062,0.368307345,0.344818927,0.328288136,0.305352825,0.285520339,0.276976836,0.266300565,0.263549718,0.263769492,0.281886158
Malawi,Salima,TA Kuluunda,MWI.26.8_1,0.637303247,0.638691558,0.734316234,0.457384416,0.651718831,0.703301987,0.685148052,0.629067532,0.585625333,0.502703922,0.438521711,0.379253642,0.336713245,0.329471895,0.310365789,0.299652667,0.282615789,0.27477013,0.266842208,0.257900649,0.276434667,0.292772,0.367595333
Malawi,Salima,TA Maganga,MWI.26.9_1,0.552009396,0.652151678,0.67238255,0.465233557,0.702797987,0.665226846,0.618525503,0.567689262,0.51875906,0.46207651,0.430507383,0.399209396,0.361361745,0.335211409,0.319207383,0.310015436,0.292332886,0.283304027,0.270283221,0.26042349,0.272169799,0.31
